input,output
Explain quantum physics.,This is a simple answer to: Explain quantum physics.
What is the capital of France?,This is a simple answer to: What is the capital of France?
Who was Albert Einstein?,This is a simple answer to: Who was Albert Einstein?
Tell me about black holes.,This is a simple answer to: Tell me about black holes.
How do planes fly?,This is a simple answer to: How do planes fly?
How to improve memory?,This is a simple answer to: How to improve memory?
How to improve memory?,This is a simple answer to: How to improve memory?
How to change a tire?,This is a simple answer to: How to change a tire?
What is blockchain?,This is a simple answer to: What is blockchain?
How to learn Python?,This is a simple answer to: How to learn Python?
What is blockchain?,This is a simple answer to: What is blockchain?
What is blockchain?,This is a simple answer to: What is blockchain?
Define machine learning.,This is a simple answer to: Define machine learning.
Benefits of exercise?,This is a simple answer to: Benefits of exercise?
Who wrote '1984'?,This is a simple answer to: Who wrote '1984'?
How to boil an egg?,This is a simple answer to: How to boil an egg?
What is the capital of France?,This is a simple answer to: What is the capital of France?
How do I make a cake?,This is a simple answer to: How do I make a cake?
What is the capital of France?,This is a simple answer to: What is the capital of France?
Explain quantum physics.,This is a simple answer to: Explain quantum physics.
How does a car engine work?,This is a simple answer to: How does a car engine work?
How does a car engine work?,This is a simple answer to: How does a car engine work?
What is blockchain?,This is a simple answer to: What is blockchain?
Explain photosynthesis.,This is a simple answer to: Explain photosynthesis.
What is the capital of France?,This is a simple answer to: What is the capital of France?
How to improve memory?,This is a simple answer to: How to improve memory?
How to improve memory?,This is a simple answer to: How to improve memory?
Who was Albert Einstein?,This is a simple answer to: Who was Albert Einstein?
How to improve memory?,This is a simple answer to: How to improve memory?
Benefits of exercise?,This is a simple answer to: Benefits of exercise?
How to improve memory?,This is a simple answer to: How to improve memory?
Benefits of exercise?,This is a simple answer to: Benefits of exercise?
Tell me about black holes.,This is a simple answer to: Tell me about black holes.
What causes rain?,This is a simple answer to: What causes rain?
Who was Albert Einstein?,This is a simple answer to: Who was Albert Einstein?
How to improve memory?,This is a simple answer to: How to improve memory?
Tell me about black holes.,This is a simple answer to: Tell me about black holes.
Define machine learning.,This is a simple answer to: Define machine learning.
Benefits of exercise?,This is a simple answer to: Benefits of exercise?
How to learn Python?,This is a simple answer to: How to learn Python?
Benefits of exercise?,This is a simple answer to: Benefits of exercise?
How to change a tire?,This is a simple answer to: How to change a tire?
How to boil an egg?,This is a simple answer to: How to boil an egg?
How do I make a cake?,This is a simple answer to: How do I make a cake?
Explain quantum physics.,This is a simple answer to: Explain quantum physics.
Tell me about black holes.,This is a simple answer to: Tell me about black holes.
What is gravity?,This is a simple answer to: What is gravity?
How to boil an egg?,This is a simple answer to: How to boil an egg?
What causes rain?,This is a simple answer to: What causes rain?
How to learn Python?,This is a simple answer to: How to learn Python?
What are the symptoms of flu?,This is a simple answer to: What are the symptoms of flu?
Explain quantum physics.,This is a simple answer to: Explain quantum physics.
What are the symptoms of flu?,This is a simple answer to: What are the symptoms of flu?
Define machine learning.,This is a simple answer to: Define machine learning.
Who wrote '1984'?,This is a simple answer to: Who wrote '1984'?
What is the capital of France?,This is a simple answer to: What is the capital of France?
How to boil an egg?,This is a simple answer to: How to boil an egg?
How to improve memory?,This is a simple answer to: How to improve memory?
Who was Albert Einstein?,This is a simple answer to: Who was Albert Einstein?
How to learn Python?,This is a simple answer to: How to learn Python?
How do I make a cake?,This is a simple answer to: How do I make a cake?
How do I make a cake?,This is a simple answer to: How do I make a cake?
Explain quantum physics.,This is a simple answer to: Explain quantum physics.
How does a car engine work?,This is a simple answer to: How does a car engine work?
Explain quantum physics.,This is a simple answer to: Explain quantum physics.
How to boil an egg?,This is a simple answer to: How to boil an egg?
Define machine learning.,This is a simple answer to: Define machine learning.
How do I make a cake?,This is a simple answer to: How do I make a cake?
Tell me about black holes.,This is a simple answer to: Tell me about black holes.
How to improve memory?,This is a simple answer to: How to improve memory?
What are the symptoms of flu?,This is a simple answer to: What are the symptoms of flu?
How to improve memory?,This is a simple answer to: How to improve memory?
Who was Albert Einstein?,This is a simple answer to: Who was Albert Einstein?
Who wrote '1984'?,This is a simple answer to: Who wrote '1984'?
Define machine learning.,This is a simple answer to: Define machine learning.
Tell me about black holes.,This is a simple answer to: Tell me about black holes.
Define machine learning.,This is a simple answer to: Define machine learning.
Who wrote '1984'?,This is a simple answer to: Who wrote '1984'?
Who wrote '1984'?,This is a simple answer to: Who wrote '1984'?
How to change a tire?,This is a simple answer to: How to change a tire?
Explain photosynthesis.,This is a simple answer to: Explain photosynthesis.
What is blockchain?,This is a simple answer to: What is blockchain?
Explain photosynthesis.,This is a simple answer to: Explain photosynthesis.
Who was Albert Einstein?,This is a simple answer to: Who was Albert Einstein?
Who was Albert Einstein?,This is a simple answer to: Who was Albert Einstein?
How to boil an egg?,This is a simple answer to: How to boil an egg?
What are the symptoms of flu?,This is a simple answer to: What are the symptoms of flu?
What is gravity?,This is a simple answer to: What is gravity?
Define machine learning.,This is a simple answer to: Define machine learning.
How to improve memory?,This is a simple answer to: How to improve memory?
What is the capital of France?,This is a simple answer to: What is the capital of France?
What is the capital of France?,This is a simple answer to: What is the capital of France?
How do I make a cake?,This is a simple answer to: How do I make a cake?
How do I make a cake?,This is a simple answer to: How do I make a cake?
How does a car engine work?,This is a simple answer to: How does a car engine work?
Who wrote '1984'?,This is a simple answer to: Who wrote '1984'?
What is artificial intelligence?,This is a simple answer to: What is artificial intelligence?
Who was Albert Einstein?,This is a simple answer to: Who was Albert Einstein?
How to boil an egg?,This is a simple answer to: How to boil an egg?
Benefits of exercise?,This is a simple answer to: Benefits of exercise?
